AirPods 3.Nesil MME73TU/A Bluetooth Kulaklýk,image0.png
AirPods 2.Nesil ve Þarj Kutusu MV7N2TU/A Bluetooth Kulaklýk,image1.png
Airpods Pro ve MagSafe Þarj Kutusu MLWK3TU/A,image2.png
AirPods Pro MWP22TU/A,image3.png
AirPods Max Kablosuz Kulak Üstü Bluetooth Kulaklýk,image4.png
wesbat Apple Airpods (2.nesil) Ve Kablolu Þarj Kutusu,image5.png
AirPods 2.Nesil ve Kablosuz Þarj Kutusu MRXJ2TU/A Bluetooth Kulaklýk,image6.png
Apple Iphone Airpods Tarzý Kulaklýk Kablosuz Bluetooth Kulaklýk,image7.png
PALMADORE Airpods Pro Bluetooth Kulaklýk Ve Kablosuz Þarj Kutusu (apple Türkiye Garantili),image8.png
AirPods Max Gümüþ MGYJ3TU/A Kablosuz Kulak Üstü Bluetooth Kulaklýk,image9.png
Tws Airpods i9S TWS Bluetooth V5.0 Kablosuz Kulaklýk iPhone HD Ses Kalitesi,image10.png
Xiaomi Poco X3 Nfc Uyumlu Inpods Airpods Pro Yüksek Kaliteli Yeni Nesil Bluetooth Kulaklýk,image11.png
Asonic AS-TWS130 Mikrofonlu Bluetooth Kulaklýk,image12.png
Universal Airpods Pro 5 Tws Bluetooth Kulaklýk Yeni Versiyon 8d Ses Kalitesi,image13.png
TCL 2021 Series Airpods Pro Hd Ses Dokunmatik Apple Android Uyumlu Bluetooth 5,1 Kulaklýk Airpro,image14.png
AirPods Max Yeþil MGYN3TU/A Kablosuz Kulak Üstü Bluetooth Kulaklýk,image15.png
Apple Airpods Pro Silikon Kulaklýk Ucu,image16.png
AirPods Max Uzay Grisi MGYH3TU/A Kablosuz Kulak Üstü Bluetooth Kulaklýk,image17.png
AirPods Max Gök Mavisi MGYL3TU/A Kablosuz Kulak Üstü Bluetooth Kulaklýk,image18.png
Xiaomi Mi Note 3 Uyumlu Inpods Airpods Pro Yüksek Kaliteli Yeni Nesil Þýk Tasarýmlý Kablosuz Bluetooth Kulaklýk,image19.png
Apple MagSafe Duo Þarj Aygýtý MHXF3TU/A,image20.png
türcan apple Apple Ipone Airpods 2. Nesil Bluetooth Kulaklýk,image21.png
Baseus Thin Silika Jel Ultra Ýnce Apple AirPods Pro Silikon Kýlýf,image22.png
DESIREE Airpods 3.nesil Uyumlu Süper Copy Ios Android Uyumlu Bluetooth Kulaklýk A+++,image23.png
